<?xml version="1.0" encoding="UTF-8"?>
<project-private xmlns="http://www.netbeans.org/ns/project-private/1">
    <editor-bookmarks xmlns="http://www.netbeans.org/ns/editor-bookmarks/2" lastBookmarkId="0"/>
    <open-files xmlns="http://www.netbeans.org/ns/projectui-open-files/2">
        <group>
            <file>file:/C:/Users/wyiuk/Desktop/20211027204332_Assignment_two_-_Inheritance-Abstraction-_Association-ArrayList/Assignment%20two%20-%20Inheritance-Abstraction-%20Association-ArrayList/src/Assignment_two/Staff.java</file>
            <file>file:/C:/Users/wyiuk/Desktop/20211027204332_Assignment_two_-_Inheritance-Abstraction-_Association-ArrayList/Assignment%20two%20-%20Inheritance-Abstraction-%20Association-ArrayList/src/Assignment_two/PayRoll.java</file>
            <file>file:/C:/Users/wyiuk/Desktop/20211027204332_Assignment_two_-_Inheritance-Abstraction-_Association-ArrayList/Assignment%20two%20-%20Inheritance-Abstraction-%20Association-ArrayList/src/Assignment_two/Teacher.java</file>
            <file>file:/C:/Users/wyiuk/Desktop/20211027204332_Assignment_two_-_Inheritance-Abstraction-_Association-ArrayList/Assignment%20two%20-%20Inheritance-Abstraction-%20Association-ArrayList/src/Assignment_two/Department.java</file>
            <file>file:/C:/Users/wyiuk/Desktop/20211027204332_Assignment_two_-_Inheritance-Abstraction-_Association-ArrayList/Assignment%20two%20-%20Inheritance-Abstraction-%20Association-ArrayList/src/Assignment_two/Student.java</file>
            <file>file:/C:/Users/wyiuk/Desktop/20211027204332_Assignment_two_-_Inheritance-Abstraction-_Association-ArrayList/Assignment%20two%20-%20Inheritance-Abstraction-%20Association-ArrayList/src/Assignment_two/MyMain.java</file>
            <file>file:/C:/Users/wyiuk/Desktop/20211027204332_Assignment_two_-_Inheritance-Abstraction-_Association-ArrayList/Assignment%20two%20-%20Inheritance-Abstraction-%20Association-ArrayList/src/Assignment_two/Person.java</file>
        </group>
    </open-files>
</project-private>
